{
  "amount": 1393610.7334552705,
  "trans_hour": 293303.1582011357,
  "cat_id": 266814.2880139649,
  "population_city": 33229.39530045539,
  "street": 33221.34243749082
}